"Refs","Value","Footprint","Qty","Description"
"C1","100nF","Capacitor_SMD:C_0805_2012Metric","1","Unpolarized capacitor"
"C2","10uF","Capacitor_SMD:C_0805_2012Metric","1","Unpolarized capacitor"
"D1","SS14","Diode_SMD:D_SMA","1","Schottky diode"
"J1","5V_IN","TerminalBlock_Phoenix:TerminalBlock_Phoenix_MKDS-1,5-2-5.08_1x02_P5.08mm_Horizontal","1","Generic screw terminal, single row, 01x02, script generated (kicad-library-utils/schlib/autogen/connector/)"
"R1,R2","4.7k","Resistor_SMD:R_0805_2012Metric","2","Resistor"
"U1","ESP32-DevKitC_38pin","IPDS:ESP32_DevKitC_38_Socket","1","ESP32-DevKitC V4 (38-pin) plugged into two 1x19 female headers, 25.4 mm row spacing"
"U2","GY-521_MPU6050","Connector_PinSocket_2.54mm:PinSocket_1x08_P2.54mm_Vertical","1","GY-521 MPU6050 accelerometer/gyro breakout, 8-pin header"
"U3","ZS-042_DS3231","Connector_PinSocket_2.54mm:PinSocket_1x06_P2.54mm_Vertical","1","ZS-042 DS3231 RTC breakout with CR2032 holder, 6-pin header"
"U4","GY-NEO6MV2","Connector_PinSocket_2.54mm:PinSocket_1x04_P2.54mm_Vertical","1","GY-NEO6MV2 u-blox NEO-6M GPS breakout, 4-pin header, 9600 baud"
